# Host: localhost  (Version: 5.5.53)
# Date: 2022-04-16 00:33:01
# Generator: MySQL-Front 5.3  (Build 4.234)

/*!40101 SET NAMES utf8 */;

#
# Structure for table "focus"
#

CREATE TABLE `focus` (
  `_id` varchar(50) NOT NULL,
  `title` varchar(250) NOT NULL,
  `status` int(11) DEFAULT '1',
  `pic` varchar(250) DEFAULT NULL,
  `url` varchar(250) DEFAULT NULL,
  PRIMARY KEY (`_id`)
) ENGINE=InnoDB DEFAULT CHARSET=utf8;

#
# Data for table "focus"
#

INSERT INTO `focus` VALUES ('59f6ef443ce1fb0fb02c7a43','笔记本电脑',1,'shop/upload/focus/UObZahqPYzFvx_C9CQjU8KiX.png','12'),('5a012efb93ec4d199c18d1b4','第二个轮播图',1,'shop/upload/focus/f3OtH11ZaPX5AA4Ov95Q7DEM.png',NULL),('5a012f2433574208841e0820','第三个轮播图',1,'shop/upload/focus/s5ujmYBQVRcLuvBHvWFMJHzS.jpg',NULL),('5a688a0ca6dcba0ff4861a3d','教程',1,'shop/upload/focus/Zh8EP9HOasV28ynDSp8TaGwd.png',NULL);

#
# Structure for table "pcate"
#

CREATE TABLE `pcate` (
  `_id` varchar(50) NOT NULL,
  `title` varchar(250) NOT NULL,
  `status` int(11) DEFAULT '1',
  `pic` varchar(250) DEFAULT NULL,
  `pid` varchar(50) DEFAULT '0',
  `sort` int(11) DEFAULT '100',
  PRIMARY KEY (`_id`)
) ENGINE=InnoDB DEFAULT CHARSET=utf8;

#
# Data for table "pcate"
#

INSERT INTO `pcate` VALUES ('59f1e1ada1da8b15d42234e9','电脑办公',1,'shop/upload/pcate/FNIJ1lUH1bfuK82mbpIszetN.jpg','0',100),('59f1e1e880e7ed050cec999d','女装内衣',1,'shop/upload/pcate/-F3lLH3nMqAt2kmZEEYjWoMB.jpg','0',100),('59f1e4659bfd8f3bd030eed3','运动户外',1,'shop/upload/pcate/30TyxuLsWPqfl2Yxui85EYWn.jpg','0',100),('59f1e46e9bfd8f3bd030eed4','手机数码',1,'shop/upload/pcate/xHxjQsbq-QuTXdblQXkuCXui.jpg','0',100),('59f1e47e9bfd8f3bd030eed5','化妆品',1,'shop/upload/pcate/1TfHsgvvKrFuIH1D4_eo3P5B.jpg','0',100),('59f1e4919bfd8f3bd030eed6','手机/电脑',1,'shop/upload/pcate/RQXtJTh1WbzxpSbLF-vjDYTo.png','59f1e1ada1da8b15d42234e9',100),('59f1e49a9bfd8f3bd030eed7','轻薄本',1,'shop/upload/pcate/HYWKHxrKgE9O6zKajRTmb50B.png','59f1e1ada1da8b15d42234e9',100),('59f1e4e69bfd8f3bd030eed8','游戏台式机',1,'shop/upload/pcate/DjXIpErQNsPo4qj_8c4GVmRg.jpg','59f1e1ada1da8b15d42234e9',100),('59f1e4f49bfd8f3bd030eed9','羽绒服',1,'shop/upload/pcate/lUKcKYWg6kOwprXx8L_OLDaq.jpg','59f1e1e880e7ed050cec999d',100),('59f1e5019bfd8f3bd030eeda','毛呢大衣',1,'shop/upload/pcate/P0k6kLaHB1S35jSNWi2j9TH7.jpg','59f1e1e880e7ed050cec999d',100),('59f1e5099bfd8f3bd030eedb','连衣裙',1,'shop/upload/pcate/nuyUqOC4E4vPN7vSMCkb0Xu5.jpg','59f1e1e880e7ed050cec999d',100),('5a042480010e711234661436','男鞋',1,'shop/upload/pcate/djAbRQnCPOT0QFWgqP7Vcb24.jpg','59f1e4659bfd8f3bd030eed3',100),('5a0424b8010e711234661437','女鞋',1,'shop/upload/pcate/plNJlMpFrcRjG1WGwsvcyXna.jpg','59f1e4659bfd8f3bd030eed3',100),('5a04251e010e711234661438','箱包',1,'shop/upload/pcate/L12eQlmsqPJXS_346iVwXy7T.jpg','0',100),('5a04261e010e71123466143a','女鞋',1,'shop/upload/pcate/FyaoJ3ffL8h26oNd4qKandkA.jpg','0',100),('5a042e29010e711234661443','汽车用品',1,'shop/upload/pcate/IBRQbWEDMlK82LvFkLQguLkM.jpg','0',100),('5a042f27010e711234661446','酒水饮料',1,'shop/upload/pcate/_FtRBEpVMf42LzO_eOYszwAA.jpg','0',100),('5a05031e010e71123466144d','小米',1,'shop/upload/pcate/QkTI9WDjALeA9-GWon0lgUo7.png','59f1e46e9bfd8f3bd030eed4',100),('5a050332010e71123466144e','华为',1,'shop/upload/pcate/aS7RupElXFdRVqEmA8TT_yVv.jpg','59f1e46e9bfd8f3bd030eed4',100),('5a050359010e71123466144f','卸妆',1,'shop/upload/pcate/mAUPB472d5kAPc2CPxANLaMj.jpg','59f1e47e9bfd8f3bd030eed5',100),('5a050366010e711234661450','洁面',1,'shop/upload/pcate/cXHC1Gfyfpoq98ctRpio8zLg.jpg','59f1e47e9bfd8f3bd030eed5',100),('5a0503cd010e711234661454','平底',1,'shop/upload/pcate/0ZFRb3pKRoW8msfasCkRGS7f.jpg','5a04261e010e71123466143a',100),('5a0503e2010e711234661455','中跟',1,'shop/upload/pcate/R8VyzxVV4uJBLQ8znv_c_353.jpg','5a04261e010e71123466143a',100),('5a05040c010e711234661456','汽车坐垫',1,'shop/upload/pcate/qCWL_sis12Asus1pOIl0tyxR.jpg','5a042e29010e711234661443',100),('5a050434010e711234661458','轮胎',1,'shop/upload/pcate/g3245tNHKTSV-dI3NLd-ptME.jpg','5a042e29010e711234661443',100),('5a050480010e711234661459','白酒',1,'shop/upload/pcate/l8UgX-RF0vncYIIbqV9vJ0GL.jpg','5a042f27010e711234661446',100),('5a05048f010e71123466145a','红酒',1,'shop/upload/pcate/mfGeBuu6GjM2mrpAAKlNWm6G.jpg','5a042f27010e711234661446',100),('5a050550010e71123466145c','机械硬盘',1,'shop/upload/pcate/kj4oSfSHfo_RgM0byzapGnfN.jpg','59f1e1ada1da8b15d42234e9',100),('5a050569010e71123466145d','一体机',1,'shop/upload/pcate/HPi-GL8lrKI2hJKI6DB05_6M.jpg','59f1e1ada1da8b15d42234e9',100),('5a05057e010e71123466145e','平板电脑',1,'shop/upload/pcate/yF2i949_8_3HtSS6_30yQdfj.jpg','59f1e1ada1da8b15d42234e9',100),('5a050587010e71123466145f','显示器',1,'shop/upload/pcate/3sAhooWbdKkKddq5yE3QFByC.jpg','59f1e1ada1da8b15d42234e9',100),('5a050597010e711234661460','显卡',1,'shop/upload/pcate/FidYRXGz1iotfhhBRopAfJr8.jpg','59f1e1ada1da8b15d42234e9',100),('5a0505ae010e711234661461','主板',1,'shop/upload/pcate/VLUbJuO1c7Bo-JVO4iytouXU.jpg','59f1e1ada1da8b15d42234e9',100),('5a0505c7010e711234661463','散热器',1,'shop/upload/pcate/7ozKpYjSVtWfYjqR4er1TeXm.jpg','59f1e1ada1da8b15d42234e9',100),('5a0505e7010e711234661464','CPU',1,'shop/upload/pcate/ITLwdMsoj8RDHKbxISrSagUe.jpg','59f1e1ada1da8b15d42234e9',100),('5a050c7f010e711234661465','外套',1,'shop/upload/pcate/TCCCj5BHhZc6vrmrcB_DlQL8.jpg','59f1e1e880e7ed050cec999d',100),('5a050ca5010e711234661466','长袖连衣裙',1,'shop/upload/pcate/Rn45uI7M2cIliho78sups1fx.jpg','59f1e1e880e7ed050cec999d',100);

#
# Structure for table "product"
#

CREATE TABLE `product` (
  `_id` varchar(50) NOT NULL,
  `title` varchar(250) NOT NULL,
  `cid` varchar(250) NOT NULL,
  `price` double NOT NULL,
  `old_price` double NOT NULL,
  `is_best` int(11) DEFAULT '0',
  `is_hot` int(11) DEFAULT '0',
  `is_new` int(11) DEFAULT '0',
  `status` int(11) DEFAULT '1',
  `pic` varchar(250) DEFAULT NULL,
  `s_pic` varchar(250) DEFAULT NULL,
  `content` text,
  `cname` varchar(250) DEFAULT NULL,
  `attr` text,
  `sub_title` varchar(250) DEFAULT NULL,
  `salecount` int(11) DEFAULT '0',
  PRIMARY KEY (`_id`)
) ENGINE=InnoDB DEFAULT CHARSET=utf8;

#
# Data for table "product"
#

INSERT INTO `product` VALUES ('59e6a2d27ac40b223cfdcf81','乐扣乐扣(lock&lock)菲特旋转盖轻量杯','59f1e4919bfd8f3bd030eed6',2001,2001,1,1,1,0,'shop/upload/product/iPrQ_-r43nGjFyxYXiMZWTM6.jpg','shop/upload/product/iPrQ_-r43nGjFyxYXiMZWTM6.jpg_200x200.jpg','<p>111乐扣乐扣(lock&amp;lock)菲特旋转盖轻量杯不锈钢保温杯学生杯商务杯情侣杯保冷杯子便携水杯LHC4131WB(450Ml)白蓝<br /></p><p><br /></p><p><img src=\"https://img20.360buyimg.com/vc/jfs/t3178/212/1425374630/276758/f8ed5136/57cce879N17ec3f97.jpg\" style=\"margin: 0px; padding: 0px; border: 0px; vertical-align: middle; color: rgb(102, 102, 102); font-size: 14px; text-align: center;\" alt=\"\" /></p>','小米','[{\"cate\":\"颜色\",\"list\":[\"红色\",\"白色\",\"黄色\"]}]','乐扣乐扣(lock&lock)菲特旋转盖轻量杯不锈钢保温杯学生杯商务杯情侣杯保冷杯子便携水杯LHC4131WB(450Ml)白蓝',800),('59f087ef11945e2760c852dd','笔记本电脑','59f1e4919bfd8f3bd030eed6',2346,4000,0,0,0,0,'shop/upload/product/Hfe1i8QDOkfVt-PuGcxCA0fs.jpg','shop/upload/product/Hfe1i8QDOkfVt-PuGcxCA0fs.jpg_200x200.jpg','<br /><br /><div class=\"ssd-module M14933705252622 animate-M14933705252622\" style=\"margin: 0px; padding: 0px; background-repeat: no-repeat; background-position: left center; background-size: 100% 100%; width: 750px; position: relative; overflow: hidden; height: 987px; background-color: rgb(227, 221, 238); background-image: url(&quot;https://img30.360buyimg.com/sku/jfs/t6079/13/8271900227/290027/ca623087/5987ec02N7bd84509.jpg&quot;); color: rgb(102, 102, 102); font-family: tahoma, arial, &quot;Microsoft YaHei&quot;, &quot;Hiragino Sans GB&quot;, u5b8bu4f53, sans-serif;\"></div><div class=\"ssd-module M14933705253423 animate-M14933705253423\" style=\"margin: 0px; padding: 0px; background-repeat: no-repeat; background-position: left center; background-size: 100% 100%; width: 750px; position: relative; overflow: hidden; height: 942px; background-color: rgb(254, 242, 225); background-image: url(&quot;//img30.360buyimg.com/sku/jfs/t4939/86/1138865972/306938/307b41f2/58eda301N42191f68.jpg&quot;); color: rgb(102, 102, 102); font-family: tahoma, arial, &quot;Microsoft YaHei&quot;, &quot;Hiragino Sans GB&quot;, u5b8bu4f53, sans-serif;\"></div><div class=\"ssd-module M14933705254154 animate-M14933705254154\" style=\"margin: 0px; padding: 0px; background-repeat: no-repeat; background-position: left center; background-size: 100% 100%; width: 750px; position: relative; overflow: hidden; height: 664px; background-color: rgb(227, 221, 238); background-image: url(&quot;//img30.360buyimg.com/sku/jfs/t4891/288/1172067058/294356/1bf6783e/58eda32fNd385bb90.jpg&quot;); color: rgb(102, 102, 102); font-family: tahoma, arial, &quot;Microsoft YaHei&quot;, &quot;Hiragino Sans GB&quot;, u5b8bu4f53, sans-serif;\"></div><div class=\"ssd-module M14933705255055 animate-M14933705255055\" style=\"margin: 0px; padding: 0px; background-repeat: no-repeat; background-position: left center; background-size: 100% 100%; width: 750px; position: relative; overflow: hidden; height: 801px; background-color: rgb(167, 215, 232); background-image: url(&quot;//img30.360buyimg.com/sku/jfs/t4417/150/3514543231/328051/6d9594c6/58ff0e78N311ed9b4.jpg&quot;); color: rgb(102, 102, 102); font-family: tahoma, arial, &quot;Microsoft YaHei&quot;, &quot;Hiragino Sans GB&quot;, u5b8bu4f53, sans-serif;\"></div><div style=\"top: 0px;\"><div class=\"ssd-module M14933705252622 animate-M14933705252622\" style=\"margin: 0px; padding: 0px; background-repeat: no-repeat; background-position: left center; background-size: 100% 100%; width: 750px; position: relative; overflow: hidden; height: 987px; background-color: rgb(227, 221, 238); background-image: url(&quot;https://img30.360buyimg.com/sku/jfs/t6079/13/8271900227/290027/ca623087/5987ec02N7bd84509.jpg&quot;); color: rgb(102, 102, 102); font-family: tahoma, arial, &quot;Microsoft YaHei&quot;, &quot;Hiragino Sans GB&quot;, u5b8bu4f53, sans-serif;\"></div><div class=\"ssd-module M14933705253423 animate-M14933705253423\" style=\"margin: 0px; padding: 0px; background-repeat: no-repeat; background-position: left center; background-size: 100% 100%; width: 750px; position: relative; overflow: hidden; height: 942px; background-color: rgb(254, 242, 225); background-image: url(&quot;//img30.360buyimg.com/sku/jfs/t4939/86/1138865972/306938/307b41f2/58eda301N42191f68.jpg&quot;); color: rgb(102, 102, 102); font-family: tahoma, arial, &quot;Microsoft YaHei&quot;, &quot;Hiragino Sans GB&quot;, u5b8bu4f53, sans-serif;\"></div><div class=\"ssd-module M14933705254154 animate-M14933705254154\" style=\"margin: 0px; padding: 0px; background-repeat: no-repeat; background-position: left center; background-size: 100% 100%; width: 750px; position: relative; overflow: hidden; height: 664px; background-color: rgb(227, 221, 238); background-image: url(&quot;//img30.360buyimg.com/sku/jfs/t4891/288/1172067058/294356/1bf6783e/58eda32fNd385bb90.jpg&quot;); color: rgb(102, 102, 102); font-family: tahoma, arial, &quot;Microsoft YaHei&quot;, &quot;Hiragino Sans GB&quot;, u5b8bu4f53, sans-serif;\"></div><div class=\"ssd-module M14933705255055 animate-M14933705255055\" style=\"margin: 0px; padding: 0px; background-repeat: no-repeat; background-position: left center; background-size: 100% 100%; width: 750px; position: relative; overflow: hidden; height: 801px; background-color: rgb(167, 215, 232); background-image: url(&quot;//img30.360buyimg.com/sku/jfs/t4417/150/3514543231/328051/6d9594c6/58ff0e78N311ed9b4.jpg&quot;); color: rgb(102, 102, 102); font-family: tahoma, arial, &quot;Microsoft YaHei&quot;, &quot;Hiragino Sans GB&quot;, u5b8bu4f53, sans-serif;\"></div></div>','小米','[{\"cate\":\"处理器\",\"list\":[\"i7\",\"i5\",\"i3\"]}]','吃鸡利器，4G大显存，Nvme协议Pcie固态硬盘】GTX1050Ti就选拯救者！',938),('59f6a1d27ac40b223cfdcf81','乐扣乐扣(lock&lock)菲特旋转盖轻量杯','59f1e4919bfd8f3bd030eed6',2001,2001,1,1,1,0,'shop/upload/product/iPrQ_-r43nGjFyxYXiMZWTM6.jpg','shop/upload/product/iPrQ_-r43nGjFyxYXiMZWTM6.jpg_200x200.jpg','<p>111乐扣乐扣(lock&amp;lock)菲特旋转盖轻量杯不锈钢保温杯学生杯商务杯情侣杯保冷杯子便携水杯LHC4131WB(450Ml)白蓝<br /></p><p><br /></p><p><img src=\"https://img20.360buyimg.com/vc/jfs/t3178/212/1425374630/276758/f8ed5136/57cce879N17ec3f97.jpg\" style=\"margin: 0px; padding: 0px; border: 0px; vertical-align: middle; color: rgb(102, 102, 102); font-size: 14px; text-align: center;\" alt=\"\" /></p>','小米','[{\"cate\":\"颜色\",\"list\":[\"红色\",\"白色\",\"黄色\"]}]','乐扣乐扣(lock&lock)菲特旋转盖轻量杯不锈钢保温杯学生杯商务杯情侣杯保冷杯子便携水杯LHC4131WB(450Ml)白蓝',800),('59f6a2d27ac40b223cfdcf21','乐扣乐扣(lock&lock)菲特旋转盖轻量杯','59f1e4919bfd8f3bd030eed6',2001,2001,1,1,1,0,'shop/upload/product/iPrQ_-r43nGjFyxYXiMZWTM6.jpg','shop/upload/product/iPrQ_-r43nGjFyxYXiMZWTM6.jpg_200x200.jpg','<p>111乐扣乐扣(lock&amp;lock)菲特旋转盖轻量杯不锈钢保温杯学生杯商务杯情侣杯保冷杯子便携水杯LHC4131WB(450Ml)白蓝<br /></p><p><br /></p><p><img src=\"https://img20.360buyimg.com/vc/jfs/t3178/212/1425374630/276758/f8ed5136/57cce879N17ec3f97.jpg\" style=\"margin: 0px; padding: 0px; border: 0px; vertical-align: middle; color: rgb(102, 102, 102); font-size: 14px; text-align: center;\" alt=\"\" /></p>','小米','[{\"cate\":\"颜色\",\"list\":[\"红色\",\"白色\",\"黄色\"]}]','乐扣乐扣(lock&lock)菲特旋转盖轻量杯不锈钢保温杯学生杯商务杯情侣杯保冷杯子便携水杯LHC4131WB(450Ml)白蓝',800),('59f6a2d27ac40b223cfdcf81','乐扣乐扣(lock&lock)菲特旋转盖轻量杯','59f1e4919bfd8f3bd030eed6',2001,2001,1,1,1,0,'shop/upload/product/iPrQ_-r43nGjFyxYXiMZWTM6.jpg','shop/upload/product/iPrQ_-r43nGjFyxYXiMZWTM6.jpg_200x200.jpg','<p>111乐扣乐扣(lock&amp;lock)菲特旋转盖轻量杯不锈钢保温杯学生杯商务杯情侣杯保冷杯子便携水杯LHC4131WB(450Ml)白蓝<br /></p><p><br /></p><p><img src=\"https://img20.360buyimg.com/vc/jfs/t3178/212/1425374630/276758/f8ed5136/57cce879N17ec3f97.jpg\" style=\"margin: 0px; padding: 0px; border: 0px; vertical-align: middle; color: rgb(102, 102, 102); font-size: 14px; text-align: center;\" alt=\"\" /></p>','小米','[{\"cate\":\"颜色\",\"list\":[\"红色\",\"白色\",\"黄色\"]}]','乐扣乐扣(lock&lock)菲特旋转盖轻量杯不锈钢保温杯学生杯商务杯情侣杯保冷杯子便携水杯LHC4131WB(450Ml)白蓝',800),('59f6a2d27ac40b223cfdcfa1','乐扣乐扣(lock&lock)菲特旋转盖轻量杯','59f1e4919bfd8f3bd030eed6',2001,2001,1,1,1,0,'shop/upload/product/iPrQ_-r43nGjFyxYXiMZWTM6.jpg','shop/upload/product/iPrQ_-r43nGjFyxYXiMZWTM6.jpg_200x200.jpg','<p>111乐扣乐扣(lock&amp;lock)菲特旋转盖轻量杯不锈钢保温杯学生杯商务杯情侣杯保冷杯子便携水杯LHC4131WB(450Ml)白蓝<br /></p><p><br /></p><p><img src=\"https://img20.360buyimg.com/vc/jfs/t3178/212/1425374630/276758/f8ed5136/57cce879N17ec3f97.jpg\" style=\"margin: 0px; padding: 0px; border: 0px; vertical-align: middle; color: rgb(102, 102, 102); font-size: 14px; text-align: center;\" alt=\"\" /></p>','小米','[{\"cate\":\"颜色\",\"list\":[\"红色\",\"白色\",\"黄色\"]}]','乐扣乐扣(lock&lock)菲特旋转盖轻量杯不锈钢保温杯学生杯商务杯情侣杯保冷杯子便携水杯LHC4131WB(450Ml)白蓝',800),('59f6a2d27ac40b223cfdcfs1','乐扣乐扣(lock&lock)菲特旋转盖轻量杯','59f1e4919bfd8f3bd030eed6',2001,2001,1,1,1,0,'shop/upload/product/iPrQ_-r43nGjFyxYXiMZWTM6.jpg','shop/upload/product/iPrQ_-r43nGjFyxYXiMZWTM6.jpg_200x200.jpg','<p>111乐扣乐扣(lock&amp;lock)菲特旋转盖轻量杯不锈钢保温杯学生杯商务杯情侣杯保冷杯子便携水杯LHC4131WB(450Ml)白蓝<br /></p><p><br /></p><p><img src=\"https://img20.360buyimg.com/vc/jfs/t3178/212/1425374630/276758/f8ed5136/57cce879N17ec3f97.jpg\" style=\"margin: 0px; padding: 0px; border: 0px; vertical-align: middle; color: rgb(102, 102, 102); font-size: 14px; text-align: center;\" alt=\"\" /></p>','小米','[{\"cate\":\"颜色\",\"list\":[\"红色\",\"白色\",\"黄色\"]}]','乐扣乐扣(lock&lock)菲特旋转盖轻量杯不锈钢保温杯学生杯商务杯情侣杯保冷杯子便携水杯LHC4131WB(450Ml)白蓝',800),('59f6a2d27ac49b223cfdcf81','乐扣乐扣(lock&lock)菲特旋转盖轻量杯','59f1e4919bfd8f3bd030eed6',2001,2001,1,1,1,0,'shop/upload/product/iPrQ_-r43nGjFyxYXiMZWTM6.jpg','shop/upload/product/iPrQ_-r43nGjFyxYXiMZWTM6.jpg_200x200.jpg','<p>111乐扣乐扣(lock&amp;lock)菲特旋转盖轻量杯不锈钢保温杯学生杯商务杯情侣杯保冷杯子便携水杯LHC4131WB(450Ml)白蓝<br /></p><p><br /></p><p><img src=\"https://img20.360buyimg.com/vc/jfs/t3178/212/1425374630/276758/f8ed5136/57cce879N17ec3f97.jpg\" style=\"margin: 0px; padding: 0px; border: 0px; vertical-align: middle; color: rgb(102, 102, 102); font-size: 14px; text-align: center;\" alt=\"\" /></p>','小米','[{\"cate\":\"颜色\",\"list\":[\"红色\",\"白色\",\"黄色\"]}]','乐扣乐扣(lock&lock)菲特旋转盖轻量杯不锈钢保温杯学生杯商务杯情侣杯保冷杯子便携水杯LHC4131WB(450Ml)白蓝',800),('59f6a2d27ac4gb223cfdcf81','乐扣乐扣(lock&lock)菲特旋转盖轻量杯','59f1e4919bfd8f3bd030eed6',2001,2001,1,1,1,0,'shop/upload/product/iPrQ_-r43nGjFyxYXiMZWTM6.jpg','shop/upload/product/iPrQ_-r43nGjFyxYXiMZWTM6.jpg_200x200.jpg','<p>111乐扣乐扣(lock&amp;lock)菲特旋转盖轻量杯不锈钢保温杯学生杯商务杯情侣杯保冷杯子便携水杯LHC4131WB(450Ml)白蓝<br /></p><p><br /></p><p><img src=\"https://img20.360buyimg.com/vc/jfs/t3178/212/1425374630/276758/f8ed5136/57cce879N17ec3f97.jpg\" style=\"margin: 0px; padding: 0px; border: 0px; vertical-align: middle; color: rgb(102, 102, 102); font-size: 14px; text-align: center;\" alt=\"\" /></p>','小米','[{\"cate\":\"颜色\",\"list\":[\"红色\",\"白色\",\"黄色\"]}]','乐扣乐扣(lock&lock)菲特旋转盖轻量杯不锈钢保温杯学生杯商务杯情侣杯保冷杯子便携水杯LHC4131WB(450Ml)白蓝',800),('59f6a2d27ac4ub223cfdcf81','乐扣乐扣(lock&lock)菲特旋转盖轻量杯','59f1e4919bfd8f3bd030eed6',2001,2001,1,1,1,0,'shop/upload/product/iPrQ_-r43nGjFyxYXiMZWTM6.jpg','shop/upload/product/iPrQ_-r43nGjFyxYXiMZWTM6.jpg_200x200.jpg','<p>111乐扣乐扣(lock&amp;lock)菲特旋转盖轻量杯不锈钢保温杯学生杯商务杯情侣杯保冷杯子便携水杯LHC4131WB(450Ml)白蓝<br /></p><p><br /></p><p><img src=\"https://img20.360buyimg.com/vc/jfs/t3178/212/1425374630/276758/f8ed5136/57cce879N17ec3f97.jpg\" style=\"margin: 0px; padding: 0px; border: 0px; vertical-align: middle; color: rgb(102, 102, 102); font-size: 14px; text-align: center;\" alt=\"\" /></p>','小米','[{\"cate\":\"颜色\",\"list\":[\"红色\",\"白色\",\"黄色\"]}]','乐扣乐扣(lock&lock)菲特旋转盖轻量杯不锈钢保温杯学生杯商务杯情侣杯保冷杯子便携水杯LHC4131WB(450Ml)白蓝',800),('59f6a2d27aca0b223cfdcf81','乐扣乐扣(lock&lock)菲特旋转盖轻量杯','59f1e4919bfd8f3bd030eed6',2001,2001,1,1,1,0,'shop/upload/product/iPrQ_-r43nGjFyxYXiMZWTM6.jpg','shop/upload/product/iPrQ_-r43nGjFyxYXiMZWTM6.jpg_200x200.jpg','<p>111乐扣乐扣(lock&amp;lock)菲特旋转盖轻量杯不锈钢保温杯学生杯商务杯情侣杯保冷杯子便携水杯LHC4131WB(450Ml)白蓝<br /></p><p><br /></p><p><img src=\"https://img20.360buyimg.com/vc/jfs/t3178/212/1425374630/276758/f8ed5136/57cce879N17ec3f97.jpg\" style=\"margin: 0px; padding: 0px; border: 0px; vertical-align: middle; color: rgb(102, 102, 102); font-size: 14px; text-align: center;\" alt=\"\" /></p>','小米','[{\"cate\":\"颜色\",\"list\":[\"红色\",\"白色\",\"黄色\"]}]','乐扣乐扣(lock&lock)菲特旋转盖轻量杯不锈钢保温杯学生杯商务杯情侣杯保冷杯子便携水杯LHC4131WB(450Ml)白蓝',800),('59f6ad27ac50b223cfdcf81','乐扣乐扣(lock&lock)菲特旋转盖轻量杯','59f1e4919bfd8f3bd030eed6',2001,2001,1,1,1,0,'shop/upload/product/iPrQ_-r43nGjFyxYXiMZWTM6.jpg','shop/upload/product/iPrQ_-r43nGjFyxYXiMZWTM6.jpg_200x200.jpg','<p>111乐扣乐扣(lock&amp;lock)菲特旋转盖轻量杯不锈钢保温杯学生杯商务杯情侣杯保冷杯子便携水杯LHC4131WB(450Ml)白蓝<br /></p><p><br /></p><p><img src=\"https://img20.360buyimg.com/vc/jfs/t3178/212/1425374630/276758/f8ed5136/57cce879N17ec3f97.jpg\" style=\"margin: 0px; padding: 0px; border: 0px; vertical-align: middle; color: rgb(102, 102, 102); font-size: 14px; text-align: center;\" alt=\"\" /></p>','小米','[{\"cate\":\"颜色\",\"list\":[\"红色\",\"白色\",\"黄色\"]}]','乐扣乐扣(lock&lock)菲特旋转盖轻量杯不锈钢保温杯学生杯商务杯情侣杯保冷杯子便携水杯LHC4131WB(450Ml)白蓝',800),('5a012cba64604635f4a2eae0','小米 红米5A 全网通版 2GB+16GB 香槟金','5a05031e010e71123466144d',599,599,0,1,1,1,'shop/upload/product/NkuiIr9puaI7cSxZHfz8UYOT.jpg','shop/upload/product/NkuiIr9puaI7cSxZHfz8UYOT.jpg_200x200.jpg','<div id=\"activity_header\" clstag=\"shangpin|keycount|product|activityheader\" style=\"margin: 0px; padding: 0px;\"><div style=\"margin: 0px; padding: 0px; text-align: center;\"><a href=\"https://sale.jd.com/act/FciOehkX53fqAY.html\" target=\"_blank\" style=\"margin: 0px; padding: 0px; color: rgb(102, 102, 102); text-decoration-line: none;\"><img alt=\"\" src=\"https://img30.360buyimg.com/jgsq-productsoa/jfs/t7297/359/4355684283/17053/a4df43e4/59f988d6N76f30abd.jpg\" style=\"margin: 0px; padding: 0px; border: 0px; vertical-align: middle;\" /></a></div><div style=\"margin: 0px; padding: 0px; text-align: center;\"><img alt=\"\" border=\"0\" usemap=\"#Map99\" src=\"https://img20.360buyimg.com/imgzone/jfs/t9931/119/2244093919/284552/11a0fcd0/59f34b1cN6ce08b8c.jpg\" style=\"margin: 0px; padding: 0px; border: 0px; vertical-align: middle;\" /><map name=\"Map99\" id=\"Map99\"><area shape=\"rect\" coords=\"-362,-85,390,213\" href=\"https://item.jd.com/5001175.html\" target=\"_blank\" /><area shape=\"rect\" coords=\"395,5,789,212\" href=\"https://sale.jd.com/act/BClHxZN1mRrb5P.html\" target=\"_blank\" /><area shape=\"rect\" coords=\"3,217,393,416\" href=\"https://sale.jd.com/act/gNGrP4mnoI0yM.html\" target=\"_blank\" /><area shape=\"rect\" coords=\"399,218,790,418\" href=\"https://item.jd.com/2195401.html\" target=\"_blank\" /><area shape=\"rect\" coords=\"3,423,392,627\" href=\"https://sale.jd.com/act/YrKzIGbsxR0o.html\" target=\"_blank\" /><area shape=\"rect\" coords=\"400,425,791,627\" href=\"https://sale.jd.com/act/D4SCdWfTjZ2r.html\" target=\"_blank\" /></map></div></div><div id=\"J-detail-content\" style=\"margin: 0px; padding: 0px;\"><br /><div cssurl=\"//sku-market-gw.jd.com/css/pc/4230887.css?t=1508139316689\" style=\"margin: 0px; padding: 0px;\"></div><div id=\"zbViewModulesH\" value=\"4453\" style=\"margin: 0px; padding: 0px;\"></div><div skudesign=\"100010\" style=\"margin: 0px; padding: 0px;\"></div><div class=\"ssd-module-wrap\" style=\"margin: 0px auto; padding: 0px; width: 750px; position: relative;\"><div class=\"ssd-module M15080746333381 animate-M15080746333381\" style=\"margin: 0px; padding: 0px; background-repeat: no-repeat; background-position: left center; background-size: 100% 100%; width: 750px; position: relative; overflow: hidden; height: 566px; background-color: rgb(215, 215, 215); background-image: url(&quot;https://img30.360buyimg.com/sku/jfs/t10918/346/1575218643/139841/998e91c8/59e364cdNcafdec9c.jpg&quot;); color: rgb(102, 102, 102); font-family: tahoma, arial, &quot;Microsoft YaHei&quot;, &quot;Hiragino Sans GB&quot;, u5b8bu4f53, sans-serif; font-size: 12px;\"></div><div class=\"ssd-module M15080746364562 animate-M15080746364562\" style=\"margin: 0px; padding: 0px; background-repeat: no-repeat; background-position: left center; background-size: 100% 100%; width: 750px; position: relative; overflow: hidden; height: 518px; background-color: rgb(215, 215, 215); background-image: url(&quot;https://img30.360buyimg.com/sku/jfs/t9892/181/1577373761/104957/de477ec1/59e364c8N41789beb.jpg&quot;); color: rgb(102, 102, 102); font-family: tahoma, arial, &quot;Microsoft YaHei&quot;, &quot;Hiragino Sans GB&quot;, u5b8bu4f53, sans-serif; font-size: 12px;\"></div><div class=\"ssd-module M15080746375853 animate-M15080746375853\" style=\"margin: 0px; padding: 0px; background-repeat: no-repeat; background-position: left center; background-size: 100% 100%; width: 750px; position: relative; overflow: hidden; height: 532px; background-color: rgb(215, 215, 215); background-image: url(&quot;https://img30.360buyimg.com/sku/jfs/t10000/193/1584373853/151619/3f105879/59e364cdN6d87df56.jpg&quot;); color: rgb(102, 102, 102); font-family: tahoma, arial, &quot;Microsoft YaHei&quot;, &quot;Hiragino Sans GB&quot;, u5b8bu4f53, sans-serif; font-size: 12px;\"></div><div class=\"ssd-module M15080746382074 animate-M15080746382074\" style=\"margin: 0px; padding: 0px; background-repeat: no-repeat; background-position: left center; background-size: 100% 100%; width: 750px; position: relative; overflow: hidden; height: 563px; background-color: rgb(215, 215, 215); background-image: url(&quot;https://img30.360buyimg.com/sku/jfs/t10777/77/1602911319/232344/a82182d9/59e364ceN5d06d4ca.jpg&quot;); color: rgb(102, 102, 102); font-family: tahoma, arial, &quot;Microsoft YaHei&quot;, &quot;Hiragino Sans GB&quot;, u5b8bu4f53, sans-serif; font-size: 12px;\"></div><div class=\"ssd-module M15080746386795 animate-M15080746386795\" style=\"margin: 0px; padding: 0px; background-repeat: no-repeat; background-position: left center; background-size: 100% 100%; width: 750px; position: relative; overflow: hidden; height: 454px; background-color: rgb(215, 215, 215); background-image: url(&quot;https://img30.360buyimg.com/sku/jfs/t10609/130/1597143412/123331/ee0e3f32/59e364c0Nd1a70985.jpg&quot;); color: rgb(102, 102, 102); font-family: tahoma, arial, &quot;Microsoft YaHei&quot;, &quot;Hiragino Sans GB&quot;, u5b8bu4f53, sans-serif; font-size: 12px;\"></div></div></div>','小米','[{\"cate\":\"颜色\",\"list\":[\"土豪金\",\"玫瑰红\",\"磨砂黑\"]}]','小米 红米5A 全网通版 2GB+16GB 香槟金 移动联通电信4G手机 双卡双待 红米5A轻',239),('5a0425bc010e711234661439','磨砂牛皮男休闲鞋-有属性','5a042480010e711234661436',688,388,1,1,1,0,'shop/upload/product/RinsvExKu7Ed-ocs_7W1DxYO.png','shop/upload/product/RinsvExKu7Ed-ocs_7W1DxYO.png_200x200.png','<p style=\"margin: 1.12em 0px; padding: 0px; text-align: center; line-height: 1.4; color: rgb(64, 64, 64); font-family: tahoma, arial, 宋体, sans-serif; font-size: 14px;\"><strong>非凡舒适,经久耐穿,融入飞翔元素,让你无论身处何处,都备受瞩目</strong><br /><br /><img alt=\"\" src=\"https://img30.360buyimg.com/popWaterMark/jfs/t7390/58/3849479320/166969/b8c17cad/59fabd2fNcd1ed823.jpg\" style=\"margin: 0px; padding: 0px; border: 0px; vertical-align: middle;\" /></p><p style=\"margin: 1.12em 0px; padding: 0px; text-align: center; line-height: 1.4; color: rgb(64, 64, 64); font-family: tahoma, arial, 宋体, sans-serif; font-size: 14px;\"><img class=\"img-ks-lazyload\" alt=\"\" src=\"https://img30.360buyimg.com/imgzone/jfs/t10504/182/2465321261/89642/619c161b/59f831b8Nb84a4b96.jpg\" style=\"margin: 0px; padding: 0px; border: 0px; vertical-align: top; animation: ks-fadeIn 350ms linear 0ms 1 normal both; opacity: 1; float: none;\" align=\"absmiddle\" /><img class=\"img-ks-lazyload\" alt=\"\" src=\"https://img14.360buyimg.com/imgzone/jfs/t9772/268/2466805940/61723/34d37efb/59f831cdNded68405.jpg\" style=\"margin: 0px; padding: 0px; border: 0px; vertical-align: top; animation: ks-fadeIn 350ms linear 0ms 1 normal both; opacity: 1; float: none;\" align=\"absmiddle\" /><img class=\"img-ks-lazyload\" alt=\"\" src=\"https://img14.360buyimg.com/imgzone/jfs/t9775/81/2512315198/70050/331ea0d4/59f831cdN3c6df0aa.jpg\" style=\"margin: 0px; padding: 0px; border: 0px; vertical-align: top; animation: ks-fadeIn 350ms linear 0ms 1 normal both; opacity: 1; float: none;\" align=\"absmiddle\" /><img class=\"img-ks-lazyload\" alt=\"\" src=\"https://img14.360buyimg.com/imgzone/jfs/t11653/222/774240663/68769/d8e9ff98/59f831ceN35a4273f.jpg\" style=\"margin: 0px; padding: 0px; border: 0px; vertical-align: top; animation: ks-fadeIn 350ms linear 0ms 1 normal both; opacity: 1; float: none;\" align=\"absmiddle\" /><img class=\"img-ks-lazyload\" alt=\"\" src=\"https://img12.360buyimg.com/imgzone/jfs/t10636/218/2491518591/68633/ac6c5b05/59f831caN262904b1.jpg\" style=\"margin: 0px; padding: 0px; border: 0px; vertical-align: top; animation: ks-fadeIn 350ms linear 0ms 1 normal both; opacity: 1; float: none;\" align=\"absmiddle\" /><img class=\"img-ks-lazyload\" alt=\"\" src=\"https://img14.360buyimg.com/imgzone/jfs/t10732/210/2485945643/66258/7276a664/59f831caNd20e2b4a.jpg\" style=\"margin: 0px; padding: 0px; border: 0px; vertical-align: top; animation: ks-fadeIn 350ms linear 0ms 1 normal both; opacity: 1; float: none;\" align=\"absmiddle\" /></p><img class=\"desc_anchor img-ks-lazyload\" id=\"desc-module-2\" alt=\"\" src=\"https://img10.360buyimg.com/imgzone/jfs/t11101/10/781218477/43/9acceab1/59f831aaN8687189b.gif\" style=\"margin: 0px; padding: 0px; border: 0px; vertical-align: top; text-align: center; height: 1px; display: block; clear: both; animation: ks-fadeIn 350ms linear 0ms 1 normal both; opacity: 1; color: rgb(64, 64, 64); font-family: tahoma, arial, 宋体, sans-serif; font-size: 14px; line-height: 21px;\" /><p style=\"margin: 1.12em 0px; padding: 0px; text-align: center; line-height: 1.4; color: rgb(64, 64, 64); font-family: tahoma, arial, 宋体, sans-serif; font-size: 14px;\"><br /></p><p style=\"margin: 1.12em 0px; padding: 0px; text-align: center; line-height: 1.4; color: rgb(64, 64, 64); font-family: tahoma, arial, 宋体, sans-serif; font-size: 14px;\"><img class=\"img-ks-lazyload\" alt=\"\" src=\"https://img10.360buyimg.com/imgzone/jfs/t10399/103/2508090813/543802/dcc5fa46/59f831d4N87a2bc5d.jpg\" style=\"margin: 0px; padding: 0px; border: 0px; vertical-align: top; animation: ks-fadeIn 350ms linear 0ms 1 normal both; opacity: 1; float: none;\" align=\"absmiddle\" /></p>','男鞋','[{\"cate\":\"鞋面材料\",\"list\":[\"牛皮 \"]},{\"cate\":\"闭合方式\",\"list\":[\"系带\"]},{\"cate\":\"颜色\",\"list\":[\"红色\",\"白色\",\"黄色\"]}]','非凡舒适,经久耐穿,融入飞翔元素,让你无论身处何处,都备受瞩目',275),('5a042682010e71123466143b','2V341DD7低靴皮带扣细跟中跟鞋','5a04261e010e71123466143a',188,888,0,0,1,1,'shop/upload/product/cPvPwUACxcco6PYXWwhSrkPN.png','shop/upload/product/cPvPwUACxcco6PYXWwhSrkPN.png_200x200.png','<ul class=\"parameter2 p-parameter-list\"><li title=\"中跟3-5\">跟高：中跟3-5</li><li title=\"猪皮\">内里材质：猪皮</li><li title=\"细跟\">鞋跟形状：细跟</li><li title=\"皮带扣\">流行元素：皮带扣</li><li title=\"尖头\">鞋头：尖头</li><li title=\"2017冬季\">上市时间：2017冬季</li></ul>','女鞋','[{\"cate\":\"颜色\",\"list\":[\"红色\",\"白色\",\"黑色\"]},{\"cate\":\"尺码\",\"list\":[\"35\",\"36\",\"37\",\"38\",\"39\",\"40\",\"41\"]}]','低靴皮带扣细跟中跟鞋',76),('5a042702010e71123466143c','茵曼2017冬装新款棒球罗纹领落肩袖丝绒保暖棉衣外套女','5a0424b8010e711234661437',399,1199,0,0,1,1,'shop/upload/product/cRiODeTtSNgcknvzi2rNLq4k.png','shop/upload/product/cRiODeTtSNgcknvzi2rNLq4k.png_200x200.png','<ul class=\"parameter2 p-parameter-list\"><li title=\"黑色系\">颜色：黑色系</li><li title=\"单件\">组合形式：单件</li><li title=\"常规\">袖型：常规</li><li title=\"25-29周岁\">适用年龄：25-29周岁</li><li title=\"宽松型\">版型：宽松型</li><li title=\"其它\">图案：其它</li><li title=\"适中\">厚度：适中</li><li title=\"其它\">材质：其它</li><li title=\"2017冬季\">上市时间：2017冬季</li></ul>                                                                                                                                                                                                                                                        <a href=\"https://sale.jd.com/act/7auA345Scmhoke.html\" target=\"_blank\"><img src=\"https://img30.360buyimg.com/popWaterMark/jfs/t11797/335/1458759592/151004/4325e1e8/5a01743bNf73e8991.jpg\" alt=\"990-251.jpg\" /></a>','外套女','[]','保暖棉衣外套女',34),('5a042aa3010e71123466143d','MOCO2017冬季新品翻毛领中长款纯棉牛仔外套厚款','5a0424b8010e711234661437',2987,5687,0,0,1,1,'shop/upload/product/dTGwzmlZEDu7dHpTjnMuaEPf.png','shop/upload/product/dTGwzmlZEDu7dHpTjnMuaEPf.png_200x200.png','<ul class=\"parameter2 p-parameter-list\"><li title=\"常规\">袖型：常规</li><li title=\"25-29周岁\">适用年龄：25-29周岁</li><li title=\"长袖\">袖长：长袖</li><li title=\"其它\">图案：其它</li><li title=\"宽松型\">版型：宽松型</li><li title=\"适中\">厚度：适中</li><li title=\"2017冬季\">上市时间：2017冬季</li></ul>','外套女','[]','牛仔外套厚款',799),('5a042b3b010e71123466143e','卡姿兰（Carslan）蜗牛气垫调控霜礼盒装','59f1e47e9bfd8f3bd030eed5',198,198,0,1,0,1,'shop/upload/product/egpzY5yUU59OAIC_D_SDj0oz.png','shop/upload/product/egpzY5yUU59OAIC_D_SDj0oz.png_200x200.png','<ul class=\"parameter2 p-parameter-list\"><li title=\"所有肤质\">适合肤质：所有肤质</li><li title=\"遮瑕/遮盖，定妆，控油，滋润\">功效：遮瑕/遮盖，定妆，控油，滋润</li><li title=\"BB霜/CC霜\">分类：BB霜/CC霜</li><li title=\"自然，光泽\">妆效：自然，光泽</li><li title=\"瓷白色\">颜色：瓷白色</li></ul>','个护化妆','[]','调控霜礼盒装',99),('5a042c11010e71123466143f','兰芝（LANEIGE）小白光气垫BB礼盒','59f1e47e9bfd8f3bd030eed5',325,498,0,0,1,1,'shop/upload/product/p4v7HaOPIRrfBCETM7Juv2y9.png','shop/upload/product/p4v7HaOPIRrfBCETM7Juv2y9.png_200x200.png','<ul class=\"parameter2 p-parameter-list\"><li title=\"所有肤质\">适合肤质：所有肤质</li><li title=\"遮瑕/遮盖，修护，其它\">功效：遮瑕/遮盖，修护，其它</li><li title=\"BB霜/CC霜\">分类：BB霜/CC霜</li><li title=\"自然\">妆效：自然</li><li title=\"其它\">颜色：其它</li></ul>','个护化妆','[]','小白光气垫BB礼盒',130),('5a042c65010e711234661440','暗影精灵III代 15.6英寸游戏笔记本电脑','59f1e4919bfd8f3bd030eed6',5325,8498,0,1,0,1,'shop/upload/product/wqdy5XSwZJ8Wkp1FNFM6LGk5.png','shop/upload/product/wqdy5XSwZJ8Wkp1FNFM6LGk5.png_200x200.png','<ul class=\"parameter2 p-parameter-list\"><li title=\"全高清屏（1920×1080）\">分辨率：全高清屏（1920×1080）</li><li title=\"发烧级\">游戏性能：发烧级</li><li title=\"9小时以上\">待机时长：9小时以上</li><li title=\"Intel i7标准电压版\">处理器：Intel i7标准电压版</li><li title=\"背光键盘，其他\">特性：背光键盘，其他</li><li title=\"GTX1050Ti\">显卡型号：GTX1050Ti</li><li title=\"大于2.5KG\">裸机重量：大于2.5KG</li><li title=\"高性能游戏独立显卡\">显卡类别：高性能游戏独立显卡</li><li title=\"4G\">显存容量：4G</li><li title=\"128G+1T\">硬盘容量：128G+1T</li><li title=\"15.6英寸\">屏幕尺寸：15.6英寸</li></ul>','小米','[]','游戏笔记本电脑',1300),('5if6a2d27ac4ub223cfdcf81','乐扣乐扣(lock&lock)菲特旋转盖轻量杯','59f1e4919bfd8f3bd030eed6',2001,2001,1,1,1,0,'shop/upload/product/iPrQ_-r43nGjFyxYXiMZWTM6.jpg','shop/upload/product/iPrQ_-r43nGjFyxYXiMZWTM6.jpg_200x200.jpg','<p>111乐扣乐扣(lock&amp;lock)菲特旋转盖轻量杯不锈钢保温杯学生杯商务杯情侣杯保冷杯子便携水杯LHC4131WB(450Ml)白蓝<br /></p><p><br /></p><p><img src=\"https://img20.360buyimg.com/vc/jfs/t3178/212/1425374630/276758/f8ed5136/57cce879N17ec3f97.jpg\" style=\"margin: 0px; padding: 0px; border: 0px; vertical-align: middle; color: rgb(102, 102, 102); font-size: 14px; text-align: center;\" alt=\"\" /></p>','小米','[{\"cate\":\"颜色\",\"list\":[\"红色\",\"白色\",\"黄色\"]}]','乐扣乐扣(lock&lock)菲特旋转盖轻量杯不锈钢保温杯学生杯商务杯情侣杯保冷杯子便携水杯LHC4131WB(450Ml)白蓝',800),('a9f6a2d27ac40b223cfdcf21','乐扣乐扣(lock&lock)菲特旋转盖轻量杯','59f1e4919bfd8f3bd030eed6',2001,2001,1,1,1,0,'shop/upload/product/iPrQ_-r43nGjFyxYXiMZWTM6.jpg','shop/upload/product/iPrQ_-r43nGjFyxYXiMZWTM6.jpg_200x200.jpg','<p>111乐扣乐扣(lock&amp;lock)菲特旋转盖轻量杯不锈钢保温杯学生杯商务杯情侣杯保冷杯子便携水杯LHC4131WB(450Ml)白蓝<br /></p><p><br /></p><p><img src=\"https://img20.360buyimg.com/vc/jfs/t3178/212/1425374630/276758/f8ed5136/57cce879N17ec3f97.jpg\" style=\"margin: 0px; padding: 0px; border: 0px; vertical-align: middle; color: rgb(102, 102, 102); font-size: 14px; text-align: center;\" alt=\"\" /></p>','小米','[{\"cate\":\"颜色\",\"list\":[\"红色\",\"白色\",\"黄色\"]}]','乐扣乐扣(lock&lock)菲特旋转盖轻量杯不锈钢保温杯学生杯商务杯情侣杯保冷杯子便携水杯LHC4131WB(450Ml)白蓝',800),('b9f6a2d27ac40b223cfdcfs1','乐扣乐扣(lock&lock)菲特旋转盖轻量杯','59f1e4919bfd8f3bd030eed6',2001,2001,1,1,1,0,'shop/upload/product/iPrQ_-r43nGjFyxYXiMZWTM6.jpg','shop/upload/product/iPrQ_-r43nGjFyxYXiMZWTM6.jpg_200x200.jpg','<p>111乐扣乐扣(lock&amp;lock)菲特旋转盖轻量杯不锈钢保温杯学生杯商务杯情侣杯保冷杯子便携水杯LHC4131WB(450Ml)白蓝<br /></p><p><br /></p><p><img src=\"https://img20.360buyimg.com/vc/jfs/t3178/212/1425374630/276758/f8ed5136/57cce879N17ec3f97.jpg\" style=\"margin: 0px; padding: 0px; border: 0px; vertical-align: middle; color: rgb(102, 102, 102); font-size: 14px; text-align: center;\" alt=\"\" /></p>','小米','[{\"cate\":\"颜色\",\"list\":[\"红色\",\"白色\",\"黄色\"]}]','乐扣乐扣(lock&lock)菲特旋转盖轻量杯不锈钢保温杯学生杯商务杯情侣杯保冷杯子便携水杯LHC4131WB(450Ml)白蓝',800),('c9f6a2d27ac40b223cfdcfa1','乐扣乐扣(lock&lock)菲特旋转盖轻量杯','59f1e4919bfd8f3bd030eed6',2001,2001,1,1,1,0,'shop/upload/product/iPrQ_-r43nGjFyxYXiMZWTM6.jpg','shop/upload/product/iPrQ_-r43nGjFyxYXiMZWTM6.jpg_200x200.jpg','<p>111乐扣乐扣(lock&amp;lock)菲特旋转盖轻量杯不锈钢保温杯学生杯商务杯情侣杯保冷杯子便携水杯LHC4131WB(450Ml)白蓝<br /></p><p><br /></p><p><img src=\"https://img20.360buyimg.com/vc/jfs/t3178/212/1425374630/276758/f8ed5136/57cce879N17ec3f97.jpg\" style=\"margin: 0px; padding: 0px; border: 0px; vertical-align: middle; color: rgb(102, 102, 102); font-size: 14px; text-align: center;\" alt=\"\" /></p>','小米','[{\"cate\":\"颜色\",\"list\":[\"红色\",\"白色\",\"黄色\"]}]','乐扣乐扣(lock&lock)菲特旋转盖轻量杯不锈钢保温杯学生杯商务杯情侣杯保冷杯子便携水杯LHC4131WB(450Ml)白蓝',800),('d9e6a2d27ac40b223cfdcf81','乐扣乐扣(lock&lock)菲特旋转盖轻量杯','59f1e4919bfd8f3bd030eed6',2001,2001,1,1,1,0,'shop/upload/product/iPrQ_-r43nGjFyxYXiMZWTM6.jpg','shop/upload/product/iPrQ_-r43nGjFyxYXiMZWTM6.jpg_200x200.jpg','<p>111乐扣乐扣(lock&amp;lock)菲特旋转盖轻量杯不锈钢保温杯学生杯商务杯情侣杯保冷杯子便携水杯LHC4131WB(450Ml)白蓝<br /></p><p><br /></p><p><img src=\"https://img20.360buyimg.com/vc/jfs/t3178/212/1425374630/276758/f8ed5136/57cce879N17ec3f97.jpg\" style=\"margin: 0px; padding: 0px; border: 0px; vertical-align: middle; color: rgb(102, 102, 102); font-size: 14px; text-align: center;\" alt=\"\" /></p>','小米','[{\"cate\":\"颜色\",\"list\":[\"红色\",\"白色\",\"黄色\"]}]','乐扣乐扣(lock&lock)菲特旋转盖轻量杯不锈钢保温杯学生杯商务杯情侣杯保冷杯子便携水杯LHC4131WB(450Ml)白蓝',800),('e9f6a1d27ac40b223cfdcf81','乐扣乐扣(lock&lock)菲特旋转盖轻量杯','59f1e4919bfd8f3bd030eed6',2001,2001,1,1,1,0,'shop/upload/product/iPrQ_-r43nGjFyxYXiMZWTM6.jpg','shop/upload/product/iPrQ_-r43nGjFyxYXiMZWTM6.jpg_200x200.jpg','<p>111乐扣乐扣(lock&amp;lock)菲特旋转盖轻量杯不锈钢保温杯学生杯商务杯情侣杯保冷杯子便携水杯LHC4131WB(450Ml)白蓝<br /></p><p><br /></p><p><img src=\"https://img20.360buyimg.com/vc/jfs/t3178/212/1425374630/276758/f8ed5136/57cce879N17ec3f97.jpg\" style=\"margin: 0px; padding: 0px; border: 0px; vertical-align: middle; color: rgb(102, 102, 102); font-size: 14px; text-align: center;\" alt=\"\" /></p>','小米','[{\"cate\":\"颜色\",\"list\":[\"红色\",\"白色\",\"黄色\"]}]','乐扣乐扣(lock&lock)菲特旋转盖轻量杯不锈钢保温杯学生杯商务杯情侣杯保冷杯子便携水杯LHC4131WB(450Ml)白蓝',800),('f9f6ad27ac50b223cfdcf81','乐扣乐扣(lock&lock)菲特旋转盖轻量杯','59f1e4919bfd8f3bd030eed6',2001,2001,1,1,1,0,'shop/upload/product/iPrQ_-r43nGjFyxYXiMZWTM6.jpg','shop/upload/product/iPrQ_-r43nGjFyxYXiMZWTM6.jpg_200x200.jpg','<p>111乐扣乐扣(lock&amp;lock)菲特旋转盖轻量杯不锈钢保温杯学生杯商务杯情侣杯保冷杯子便携水杯LHC4131WB(450Ml)白蓝<br /></p><p><br /></p><p><img src=\"https://img20.360buyimg.com/vc/jfs/t3178/212/1425374630/276758/f8ed5136/57cce879N17ec3f97.jpg\" style=\"margin: 0px; padding: 0px; border: 0px; vertical-align: middle; color: rgb(102, 102, 102); font-size: 14px; text-align: center;\" alt=\"\" /></p>','小米','[{\"cate\":\"颜色\",\"list\":[\"红色\",\"白色\",\"黄色\"]}]','乐扣乐扣(lock&lock)菲特旋转盖轻量杯不锈钢保温杯学生杯商务杯情侣杯保冷杯子便携水杯LHC4131WB(450Ml)白蓝',800),('g9f6a2d27aca0b223cfdcf81','乐扣乐扣(lock&lock)菲特旋转盖轻量杯','59f1e4919bfd8f3bd030eed6',2001,2001,1,1,1,0,'shop/upload/product/iPrQ_-r43nGjFyxYXiMZWTM6.jpg','shop/upload/product/iPrQ_-r43nGjFyxYXiMZWTM6.jpg_200x200.jpg','<p>111乐扣乐扣(lock&amp;lock)菲特旋转盖轻量杯不锈钢保温杯学生杯商务杯情侣杯保冷杯子便携水杯LHC4131WB(450Ml)白蓝<br /></p><p><br /></p><p><img src=\"https://img20.360buyimg.com/vc/jfs/t3178/212/1425374630/276758/f8ed5136/57cce879N17ec3f97.jpg\" style=\"margin: 0px; padding: 0px; border: 0px; vertical-align: middle; color: rgb(102, 102, 102); font-size: 14px; text-align: center;\" alt=\"\" /></p>','小米','[{\"cate\":\"颜色\",\"list\":[\"红色\",\"白色\",\"黄色\"]}]','乐扣乐扣(lock&lock)菲特旋转盖轻量杯不锈钢保温杯学生杯商务杯情侣杯保冷杯子便携水杯LHC4131WB(450Ml)白蓝',800),('h5f6a2d27ac40b223cfdcf21','乐扣乐扣(lock&lock)菲特旋转盖轻量杯','59f1e4919bfd8f3bd030eed6',2001,2001,1,1,1,0,'shop/upload/product/iPrQ_-r43nGjFyxYXiMZWTM6.jpg','shop/upload/product/iPrQ_-r43nGjFyxYXiMZWTM6.jpg_200x200.jpg','<p>111乐扣乐扣(lock&amp;lock)菲特旋转盖轻量杯不锈钢保温杯学生杯商务杯情侣杯保冷杯子便携水杯LHC4131WB(450Ml)白蓝<br /></p><p><br /></p><p><img src=\"https://img20.360buyimg.com/vc/jfs/t3178/212/1425374630/276758/f8ed5136/57cce879N17ec3f97.jpg\" style=\"margin: 0px; padding: 0px; border: 0px; vertical-align: middle; color: rgb(102, 102, 102); font-size: 14px; text-align: center;\" alt=\"\" /></p>','小米','[{\"cate\":\"颜色\",\"list\":[\"红色\",\"白色\",\"黄色\"]}]','乐扣乐扣(lock&lock)菲特旋转盖轻量杯不锈钢保温杯学生杯商务杯情侣杯保冷杯子便携水杯LHC4131WB(450Ml)白蓝',800),('h9f6a2d27ac4gb223cfdcf81','乐扣乐扣(lock&lock)菲特旋转盖轻量杯','59f1e4919bfd8f3bd030eed6',2001,2001,1,1,1,0,'shop/upload/product/iPrQ_-r43nGjFyxYXiMZWTM6.jpg','shop/upload/product/iPrQ_-r43nGjFyxYXiMZWTM6.jpg_200x200.jpg','<p>111乐扣乐扣(lock&amp;lock)菲特旋转盖轻量杯不锈钢保温杯学生杯商务杯情侣杯保冷杯子便携水杯LHC4131WB(450Ml)白蓝<br /></p><p><br /></p><p><img src=\"https://img20.360buyimg.com/vc/jfs/t3178/212/1425374630/276758/f8ed5136/57cce879N17ec3f97.jpg\" style=\"margin: 0px; padding: 0px; border: 0px; vertical-align: middle; color: rgb(102, 102, 102); font-size: 14px; text-align: center;\" alt=\"\" /></p>','小米','[{\"cate\":\"颜色\",\"list\":[\"红色\",\"白色\",\"黄色\"]}]','乐扣乐扣(lock&lock)菲特旋转盖轻量杯不锈钢保温杯学生杯商务杯情侣杯保冷杯子便携水杯LHC4131WB(450Ml)白蓝',800),('j9f6a2d27ac49b223cfdcf81','乐扣乐扣(lock&lock)菲特旋转盖轻量杯','59f1e4919bfd8f3bd030eed6',2001,2001,1,1,1,0,'shop/upload/product/iPrQ_-r43nGjFyxYXiMZWTM6.jpg','shop/upload/product/iPrQ_-r43nGjFyxYXiMZWTM6.jpg_200x200.jpg','<p>111乐扣乐扣(lock&amp;lock)菲特旋转盖轻量杯不锈钢保温杯学生杯商务杯情侣杯保冷杯子便携水杯LHC4131WB(450Ml)白蓝<br /></p><p><br /></p><p><img src=\"https://img20.360buyimg.com/vc/jfs/t3178/212/1425374630/276758/f8ed5136/57cce879N17ec3f97.jpg\" style=\"margin: 0px; padding: 0px; border: 0px; vertical-align: middle; color: rgb(102, 102, 102); font-size: 14px; text-align: center;\" alt=\"\" /></p>','小米','[{\"cate\":\"颜色\",\"list\":[\"红色\",\"白色\",\"黄色\"]}]','乐扣乐扣(lock&lock)菲特旋转盖轻量杯不锈钢保温杯学生杯商务杯情侣杯保冷杯子便携水杯LHC4131WB(450Ml)白蓝',800),('juf6a2d27ac49b223cfdcf81','乐扣乐扣(lock&lock)菲特旋转盖轻量杯','59f1e4919bfd8f3bd030eed6',2001,2001,1,1,1,0,'shop/upload/product/iPrQ_-r43nGjFyxYXiMZWTM6.jpg','shop/upload/product/iPrQ_-r43nGjFyxYXiMZWTM6.jpg_200x200.jpg','<p>111乐扣乐扣(lock&amp;lock)菲特旋转盖轻量杯不锈钢保温杯学生杯商务杯情侣杯保冷杯子便携水杯LHC4131WB(450Ml)白蓝<br /></p><p><br /></p><p><img src=\"https://img20.360buyimg.com/vc/jfs/t3178/212/1425374630/276758/f8ed5136/57cce879N17ec3f97.jpg\" style=\"margin: 0px; padding: 0px; border: 0px; vertical-align: middle; color: rgb(102, 102, 102); font-size: 14px; text-align: center;\" alt=\"\" /></p>','小米','[{\"cate\":\"颜色\",\"list\":[\"红色\",\"白色\",\"黄色\"]}]','乐扣乐扣(lock&lock)菲特旋转盖轻量杯不锈钢保温杯学生杯商务杯情侣杯保冷杯子便携水杯LHC4131WB(450Ml)白蓝',800),('u9f6ad27ac50b223cfdcf81','乐扣乐扣(lock&lock)菲特旋转盖轻量杯','59f1e4919bfd8f3bd030eed6',2001,2001,1,1,1,0,'shop/upload/product/iPrQ_-r43nGjFyxYXiMZWTM6.jpg','shop/upload/product/iPrQ_-r43nGjFyxYXiMZWTM6.jpg_200x200.jpg','<p>111乐扣乐扣(lock&amp;lock)菲特旋转盖轻量杯不锈钢保温杯学生杯商务杯情侣杯保冷杯子便携水杯LHC4131WB(450Ml)白蓝<br /></p><p><br /></p><p><img src=\"https://img20.360buyimg.com/vc/jfs/t3178/212/1425374630/276758/f8ed5136/57cce879N17ec3f97.jpg\" style=\"margin: 0px; padding: 0px; border: 0px; vertical-align: middle; color: rgb(102, 102, 102); font-size: 14px; text-align: center;\" alt=\"\" /></p>','小米','[{\"cate\":\"颜色\",\"list\":[\"红色\",\"白色\",\"黄色\"]}]','乐扣乐扣(lock&lock)菲特旋转盖轻量杯不锈钢保温杯学生杯商务杯情侣杯保冷杯子便携水杯LHC4131WB(450Ml)白蓝',800),('v9f6a2d27aca0b223cfdcf81','乐扣乐扣(lock&lock)菲特旋转盖轻量杯','59f1e4919bfd8f3bd030eed6',2001,2001,1,1,1,0,'shop/upload/product/iPrQ_-r43nGjFyxYXiMZWTM6.jpg','shop/upload/product/iPrQ_-r43nGjFyxYXiMZWTM6.jpg_200x200.jpg','<p>111乐扣乐扣(lock&amp;lock)菲特旋转盖轻量杯不锈钢保温杯学生杯商务杯情侣杯保冷杯子便携水杯LHC4131WB(450Ml)白蓝<br /></p><p><br /></p><p><img src=\"https://img20.360buyimg.com/vc/jfs/t3178/212/1425374630/276758/f8ed5136/57cce879N17ec3f97.jpg\" style=\"margin: 0px; padding: 0px; border: 0px; vertical-align: middle; color: rgb(102, 102, 102); font-size: 14px; text-align: center;\" alt=\"\" /></p>','小米','[{\"cate\":\"颜色\",\"list\":[\"红色\",\"白色\",\"黄色\"]}]','乐扣乐扣(lock&lock)菲特旋转盖轻量杯不锈钢保温杯学生杯商务杯情侣杯保冷杯子便携水杯LHC4131WB(450Ml)白蓝',800),('w9f6a2d27ac4gb223cfdcf81','乐扣乐扣(lock&lock)菲特旋转盖轻量杯','59f1e4919bfd8f3bd030eed6',2001,2001,1,1,1,0,'shop/upload/product/iPrQ_-r43nGjFyxYXiMZWTM6.jpg','shop/upload/product/iPrQ_-r43nGjFyxYXiMZWTM6.jpg_200x200.jpg','<p>111乐扣乐扣(lock&amp;lock)菲特旋转盖轻量杯不锈钢保温杯学生杯商务杯情侣杯保冷杯子便携水杯LHC4131WB(450Ml)白蓝<br /></p><p><br /></p><p><img src=\"https://img20.360buyimg.com/vc/jfs/t3178/212/1425374630/276758/f8ed5136/57cce879N17ec3f97.jpg\" style=\"margin: 0px; padding: 0px; border: 0px; vertical-align: middle; color: rgb(102, 102, 102); font-size: 14px; text-align: center;\" alt=\"\" /></p>','小米','[{\"cate\":\"颜色\",\"list\":[\"红色\",\"白色\",\"黄色\"]}]','乐扣乐扣(lock&lock)菲特旋转盖轻量杯不锈钢保温杯学生杯商务杯情侣杯保冷杯子便携水杯LHC4131WB(450Ml)白蓝',800),('wf6a2d27ac40b223cfdcfs1','乐扣乐扣(lock&lock)菲特旋转盖轻量杯','59f1e4919bfd8f3bd030eed6',2001,2001,1,1,1,0,'shop/upload/product/iPrQ_-r43nGjFyxYXiMZWTM6.jpg','shop/upload/product/iPrQ_-r43nGjFyxYXiMZWTM6.jpg_200x200.jpg','<p>111乐扣乐扣(lock&amp;lock)菲特旋转盖轻量杯不锈钢保温杯学生杯商务杯情侣杯保冷杯子便携水杯LHC4131WB(450Ml)白蓝<br /></p><p><br /></p><p><img src=\"https://img20.360buyimg.com/vc/jfs/t3178/212/1425374630/276758/f8ed5136/57cce879N17ec3f97.jpg\" style=\"margin: 0px; padding: 0px; border: 0px; vertical-align: middle; color: rgb(102, 102, 102); font-size: 14px; text-align: center;\" alt=\"\" /></p>','小米','[{\"cate\":\"颜色\",\"list\":[\"红色\",\"白色\",\"黄色\"]}]','乐扣乐扣(lock&lock)菲特旋转盖轻量杯不锈钢保温杯学生杯商务杯情侣杯保冷杯子便携水杯LHC4131WB(450Ml)白蓝',800),('x6f6a2d27ac4ub223cfdcf81','乐扣乐扣(lock&lock)菲特旋转盖轻量杯','59f1e4919bfd8f3bd030eed6',2001,2001,1,1,1,0,'shop/upload/product/iPrQ_-r43nGjFyxYXiMZWTM6.jpg','shop/upload/product/iPrQ_-r43nGjFyxYXiMZWTM6.jpg_200x200.jpg','<p>111乐扣乐扣(lock&amp;lock)菲特旋转盖轻量杯不锈钢保温杯学生杯商务杯情侣杯保冷杯子便携水杯LHC4131WB(450Ml)白蓝<br /></p><p><br /></p><p><img src=\"https://img20.360buyimg.com/vc/jfs/t3178/212/1425374630/276758/f8ed5136/57cce879N17ec3f97.jpg\" style=\"margin: 0px; padding: 0px; border: 0px; vertical-align: middle; color: rgb(102, 102, 102); font-size: 14px; text-align: center;\" alt=\"\" /></p>','小米','[{\"cate\":\"颜色\",\"list\":[\"红色\",\"白色\",\"黄色\"]}]','乐扣乐扣(lock&lock)菲特旋转盖轻量杯不锈钢保温杯学生杯商务杯情侣杯保冷杯子便携水杯LHC4131WB(450Ml)白蓝',800),('x9f6a2d27ac40b223cfdcfa1','乐扣乐扣(lock&lock)菲特旋转盖轻量杯','59f1e4919bfd8f3bd030eed6',2001,2001,1,1,1,0,'shop/upload/product/iPrQ_-r43nGjFyxYXiMZWTM6.jpg','shop/upload/product/iPrQ_-r43nGjFyxYXiMZWTM6.jpg_200x200.jpg','<p>111乐扣乐扣(lock&amp;lock)菲特旋转盖轻量杯不锈钢保温杯学生杯商务杯情侣杯保冷杯子便携水杯LHC4131WB(450Ml)白蓝<br /></p><p><br /></p><p><img src=\"https://img20.360buyimg.com/vc/jfs/t3178/212/1425374630/276758/f8ed5136/57cce879N17ec3f97.jpg\" style=\"margin: 0px; padding: 0px; border: 0px; vertical-align: middle; color: rgb(102, 102, 102); font-size: 14px; text-align: center;\" alt=\"\" /></p>','小米','[{\"cate\":\"颜色\",\"list\":[\"红色\",\"白色\",\"黄色\"]}]','乐扣乐扣(lock&lock)菲特旋转盖轻量杯不锈钢保温杯学生杯商务杯情侣杯保冷杯子便携水杯LHC4131WB(450Ml)白蓝',800),('y9e6a2d27ac40b223cfdcf81','乐扣乐扣(lock&lock)菲特旋转盖轻量杯','59f1e4919bfd8f3bd030eed6',2001,2001,1,1,1,0,'shop/upload/product/iPrQ_-r43nGjFyxYXiMZWTM6.jpg','shop/upload/product/iPrQ_-r43nGjFyxYXiMZWTM6.jpg_200x200.jpg','<p>111乐扣乐扣(lock&amp;lock)菲特旋转盖轻量杯不锈钢保温杯学生杯商务杯情侣杯保冷杯子便携水杯LHC4131WB(450Ml)白蓝<br /></p><p><br /></p><p><img src=\"https://img20.360buyimg.com/vc/jfs/t3178/212/1425374630/276758/f8ed5136/57cce879N17ec3f97.jpg\" style=\"margin: 0px; padding: 0px; border: 0px; vertical-align: middle; color: rgb(102, 102, 102); font-size: 14px; text-align: center;\" alt=\"\" /></p>','小米','[{\"cate\":\"颜色\",\"list\":[\"红色\",\"白色\",\"黄色\"]}]','乐扣乐扣(lock&lock)菲特旋转盖轻量杯不锈钢保温杯学生杯商务杯情侣杯保冷杯子便携水杯LHC4131WB(450Ml)白蓝',800),('z9f6a1d27ac40b223cfdcf81','乐扣乐扣(lock&lock)菲特旋转盖轻量杯','59f1e4919bfd8f3bd030eed6',2001,2001,1,1,1,0,'shop/upload/product/iPrQ_-r43nGjFyxYXiMZWTM6.jpg','shop/upload/product/iPrQ_-r43nGjFyxYXiMZWTM6.jpg_200x200.jpg','<p>111乐扣乐扣(lock&amp;lock)菲特旋转盖轻量杯不锈钢保温杯学生杯商务杯情侣杯保冷杯子便携水杯LHC4131WB(450Ml)白蓝<br /></p><p><br /></p><p><img src=\"https://img20.360buyimg.com/vc/jfs/t3178/212/1425374630/276758/f8ed5136/57cce879N17ec3f97.jpg\" style=\"margin: 0px; padding: 0px; border: 0px; vertical-align: middle; color: rgb(102, 102, 102); font-size: 14px; text-align: center;\" alt=\"\" /></p>','小米','[{\"cate\":\"颜色\",\"list\":[\"红色\",\"白色\",\"黄色\"]}]','乐扣乐扣(lock&lock)菲特旋转盖轻量杯不锈钢保温杯学生杯商务杯情侣杯保冷杯子便携水杯LHC4131WB(450Ml)白蓝',800);
